person_name,first_name,last_name,ssn,birthdate
Liam Smith,Liam,Smith,155-10-2926,1/24/49
Noah Johnson,Noah,Johnson,156-11-2925,10/16/51
William Williams,William,Williams,157-12-2924,11/10/57
James Jones,James,Jones,158-13-2923,4/15/58
Logan Brown,Logan,Brown,159-14-2922,1/17/60
Benjamin Davis,Benjamin,Davis,160-15-2921,10/10/61
Mason Miller,Mason,Miller,161-16-2920,10/26/62
Elijah Wilson,Elijah,Wilson,162-17-2919,10/22/63
Oliver Moore,Oliver,Moore,163-18-2918,1/30/65
Jacob Taylor,Jacob,Taylor,164-19-2917,6/2/78
Lucas Anderson,Lucas,Anderson,165-20-2916,6/16/79
Michael Thomas,Michael,Thomas,166-21-2915,8/16/79
Alexander Jackson,Alexander,Jackson,167-22-2914,5/1/80
Ethan White,Ethan,White,168-23-2913,6/18/80
Daniel Harris,Daniel,Harris,169-24-2912,11/5/83
Mark Martin,Mark,Martin,170-25-2911,6/26/85
Aiden Thompson,Aiden,Thompson,171-26-2910,9/4/86
Henry Garcia,Henry,Garcia,172-27-2909,10/29/87
Joseph Martinez,Joseph,Martinez,173-28-2908,7/21/91
Jackson Robinson,Jackson,Robinson,222-29-2907,9/18/91
Samuel Clark,Samuel,Clark,223-30-2906,1/17/92
Sebastian Rodriguez,Sebastian,Rodriguez,224-31-2905,5/28/94
David Lewis,David,Lewis,225-32-2904,8/30/94
Carter Lee,Carter,Lee,226-33-2903,11/11/94
Wyatt Walker,Wyatt,Walker,227-34-2902,2/9/95
Jayden Hall,Jayden,Hall,228-35-2901,1/27/53
John Owens,John,Owens,229-36-2900,7/15/54
Owen Young,Owen,Young,230-37-2899,4/22/55
Dylan Hernandez,Dylan,Hernandez,231-38-2898,6/24/56
Luke King,Luke,King,232-39-2897,7/20/56
Gabriel Wright,Gabriel,Wright,233-40-2896,2/14/60
Anthony Lopez,Anthony,Lopez,234-41-2895,12/13/61
Isaac Hill,Isaac,Hill,235-42-2894,4/13/62
Grayson Scott,Grayson,Scott,236-43-2893,4/8/69
Jack Green,Jack,Green,235-44-2892,5/16/74
Julian Adams,Julian,Adams,234-45-2891,1/18/75
Levi Baker,Levi,Baker,233-46-2890,4/5/76
Christopher Gonzalez,Christopher,Gonzalez,232-47-2889,4/6/82
Joshua Nelson,Joshua,Nelson,231-48-2888,6/2/84
Andrew Carter,Andrew,Carter,230-49-2887,7/29/85
Lincoln Mitchell,Lincoln,Mitchell,229-50-2886,11/26/85
Mateo Perez,Mateo,Perez,228-51-2885,11/24/86
Ryan Roberts,Ryan,Roberts,227-52-2884,6/12/87
Jaxon Turner,Jaxon,Turner,226-53-2883,2/3/88
Nathan Phillips,Nathan,Phillips,225-54-2882,8/27/88
Aaron Campbell,Aaron,Campbell,224-55-2881,3/30/89
Isaiah Parker,Isaiah,Parker,223-56-2880,2/17/91
Thomas Evans,Thomas,Evans,222-57-2879,7/8/93
Charles Edwards,Charles,Edwards,221-58-2878,10/26/96
Caleb Collins,Caleb,Collins,220-59-2877,12/31/99
Josiah Stewart,Josiah,Stewart,219-60-2876,9/5/48
Christian Sanchez,Christian,Sanchez,218-61-0248,3/15/49
Hunter Morris,Hunter,Morris,217-62-0247,10/15/50
Eli Rogers,Eli,Rogers,216-63-0246,9/24/51
Jonathan Reed,Jonathan,Reed,215-64-0245,1/17/62
Connor Cook,Connor,Cook,214-65-0244,2/5/62
Landon Morgan,Landon,Morgan,213-66-0243,7/1/62
Adrian Bell,Adrian,Bell,212-67-0242,9/21/63
Asher Murphy,Asher,Murphy,211-68-0241,7/9/65
Cameron Bailey,Cameron,Bailey,210-69-0240,11/3/69
Leo Rivera,Leo,Rivera,209-70-0239,8/31/70
Theodore Cooper,Theodore,Cooper,208-71-0238,8/28/72
Jeremiah Richardson,Jeremiah,Richardson,207-72-0237,4/7/73
Hudson Cox,Hudson,Cox,206-73-0236,8/24/73
Robert Howard,Robert,Howard,205-74-0235,10/3/76
Easton Ward,Easton,Ward,204-75-0234,6/22/77
Nolan Torres,Nolan,Torres,203-76-0233,11/16/78
Nicholas Peterson,Nicholas,Peterson,202-77-0232,12/18/84
Ezra Gray,Ezra,Gray,201-78-0231,4/2/86
Colton Ramirez,Colton,Ramirez,200-79-0230,11/9/86
Angel James,Angel,James,199-80-0229,12/8/87
Brayden Watson,Brayden,Watson,198-81-0228,2/28/89
Jordan Brooks,Jordan,Brooks,197-82-0227,11/3/94
Dominic Kelly,Dominic,Kelly,196-83-0226,10/19/98
Austin Sanders,Austin,Sanders,195-84-0225,7/11/99
Ian Price,Ian,Price,194-85-0224,5/10/50
Adam miller,Adam,miller,193-86-0223,10/8/55
Elias Schmidt,Elias,Schmidt,192-87-0222,1/1/56
Jaxson Schneider,Jaxson,Schneider,191-88-0221,2/27/59
Greyson Fischer,Greyson,Fischer,190-89-0220,8/13/59
Jose Meyer,Jose,Meyer,189-90-0219,9/22/60
Ezekiel Weber,Ezekiel,Weber,188-91-0218,10/31/61
Carson Schulz,Carson,Schulz,187-92-0217,11/15/61
Evan Wagner,Evan,Wagner,186-93-0216,1/6/62
Maverick Becker,Maverick,Becker,185-94-0215,10/7/64
Bryson Hoffmann,Bryson,Hoffmann,184-95-0214,10/7/66
Jace Horváth,Jace,Horváth,,8/12/68
Cooper Kovács,Cooper,Kovács,182-93-0212,9/9/69
Xavier Szabó,Xavier,Szabó,181-92-0211,1/6/72
Parker Tóth,Parker,Tóth,180-91-0210,3/19/74
Roman Varga,Roman,Varga,179-90-0209,10/27/75
Jason Kiss,Jason,Kiss,178-89-0208,9/9/76
Santiago Molnár,Santiago,Molnár,177-88-0207,8/13/84
Chase Németh,Chase,Németh,176-87-0206,2/1/86
Sawyer Farkas,Sawyer,Farkas,175-86-0205,3/12/89
Gavin Balogh,Gavin,Balogh,174-85-4671,7/27/89
Leonardo Papp,Leonardo,Papp,173-84-4672,4/8/93
Kayden Takács,Kayden,Takács,172-83-4673,5/29/93
Ayden Juhász,Ayden,Juhász,171-82-4674,6/18/93
Jameson Lakatos,Jameson,Lakatos,170-81-4675,8/25/96
Emma Mészáros,Emma,Mészáros,169-80-4676,1/17/62
Olivia Oláh,Olivia,Oláh,168-79-4677,2/5/62
Ava Simon,Ava,Simon,167-78-4678,7/1/62
Isabella Rácz,Isabella,Rácz,166-77-4679,4/7/73
Sophia Fekete,Sophia,Fekete,165-76-4680,8/24/73
Mia Wallace,Mia,Wallace,164-75-4681,10/3/76
Charlotte Woods,Charlotte,Woods,163-74-4682,6/22/77
Amelia Cole,Amelia,Cole,162-73-4683,11/16/78
Evelyn West,Evelyn,West,161-72-4684,12/18/84
Abigail Jordan,Abigail,Jordan,160-71-4685,4/2/86
Harper Owens,Harper,Owens,159-70-4686,11/9/86
Emily Reynolds,Emily,Reynolds,158-69-4687,12/8/87
Elizabeth Fisher,Elizabeth,Fisher,157-68-4688,2/28/89
Avery Ellis,Avery,Ellis,156-67-4689,11/3/94
Sofia Harrison,Sofia,Harrison,155-66-4690,10/19/98
Ella Gibson,Ella,Gibson,154-65-4691,7/11/99
Madison Mcdonald,Madison,Mcdonald,153-64-4692,5/10/50
Scarlett Cruz,Scarlett,Cruz,152-63-4693,10/8/55
Victoria Marshall,Victoria,Marshall,151-62-4694,1/1/56
Aria Ortiz,Aria,Ortiz,150-60-0147,2/27/59
Grace Gomez,Grace,Gomez,149-60-4696,8/13/59
Chloe Murray,Chloe,Murray,148-59-4697,9/22/60
Camila Freeman,Camila,Freeman,147-58-4698,10/31/61
Penelope Wells,Penelope,Wells,146-57-4699,11/15/61
Riley Webb,Riley,Webb,145-56-4700,1/6/62
Layla Simpson,Layla,Simpson,144-55-4701,10/7/64
Lillian Stevens,Lillian,Stevens,143-54-4702,10/7/66
Nora Tucker,Nora,Tucker,142-53-4703,8/12/68
Zoey Porter,Zoey,Porter,141-52-4704,9/9/69
Mila Hunter,Mila,Hunter,140-51-4705,1/6/72
Aubrey Hicks,Aubrey,Hicks,139-50-4706,3/19/74
Hannah Crawford,Hannah,Crawford,138-49-4707,10/27/75
Lily Henry,Lily,Henry,137-48-4708,9/9/76
Addison Boyd,Addison,Boyd,136-47-4709,8/13/84
Eleanor Mason,Eleanor,Mason,135-46-4710,2/1/86
Natalie Morales,Natalie,Morales,134-45-4711,3/12/89
Luna Kennedy,Luna,Kennedy,133-44-4712,7/27/89
Savannah Warren,Savannah,Warren,132-43-4713,4/8/93
Brooklyn Dixon,Brooklyn,Dixon,131-42-4714,5/29/93
Leah Ramos,Leah,Ramos,130-41-4715,6/18/93
Zoe Reyes,Zoe,Reyes,050-40-4716,8/25/96
Stella Burns,Stella,Burns,051-39-4717,1/17/62
Hazel Gordon,Hazel,Gordon,052-38-4718,2/5/62
Ellie Shaw,Ellie,Shaw,053-37-4719,7/1/62
Paisley Holmes,Paisley,Holmes,054-36-4720,10/14/70
Audrey Rice,Audrey,Rice,055-35-4721,12/25/73
Skylar Robertson,Skylar,Robertson,056-34-4722,3/7/76
Violet Hunt,Violet,Hunt,057-33-4723,4/14/76
Claire Black,Claire,Black,058-32-4724,2/8/77
Bella Daniels,Bella,Daniels,059-31-4725,1/12/78
Aurora Palmer,Aurora,Palmer,060-30-4726,6/30/79
Lucy Mills,Lucy,Mills,061-29-4727,11/25/79
Anna Nichols,Anna,Nichols,062-28-4728,3/6/80
Samantha Grant,Samantha,Grant,063-27-4729,10/12/81
Caroline Knight,Caroline,Knight,064-26-4730,11/10/82
Genesis Ferguson,Genesis,Ferguson,065-25-4731,11/28/82
Aaliyah Rose,Aaliyah,Rose,066-24-4732,2/6/89
Kennedy Stone,Kennedy,Stone,067-23-0142,10/12/81
Kinsley Hawkins,Kinsley,Hawkins,068-22-0141,11/10/82
Allison Dunn,Allison,Dunn,069-21-0140,11/28/82
Maya Perkins,Maya,Perkins,070-20-0139,2/6/89
Sarah Hudson,Sarah,Hudson,071-19-0138,
Madelyn Spencer,Madelyn,Spencer,072-18-0137,11/14/50
Adeline Gardner,Adeline,Gardner,073-17-0136,4/21/59
Alexa Stephens,Alexa,Stephens,074-16-0135,2/2/63
Ariana Payne,Ariana,Payne,075-15-0134,8/27/63
Elena Pierce,Elena,Pierce,076-14-0133,3/15/65
Gabriella Berry,Gabriella,Berry,077-13-0132,9/6/67
Naomi Matthews,Naomi,Matthews,078-12-0131,6/2/72
Alice Arnold,Alice,Arnold,079-11-0130,6/4/72
Sadie Wagner,Sadie,Wagner,080-10-0129,8/20/72
Hailey Willis,Hailey,Willis,081-11-0128,7/15/74
Eva Ray,Eva,Ray,082-12-0127,8/9/75
Emilia Watkins,Emilia,Watkins,083-13-0126,8/4/78
Autumn Olson,Autumn,Olson,084-14-0125,11/25/78
Quinn Carroll,Quinn,Carroll,085-15-0124,2/20/81
Nevaeh Duncan,Nevaeh,Duncan,086-16-0123,6/25/82
Piper Snyder,Piper,Snyder,087-17-0122,11/7/83
Ruby Hart,Ruby,Hart,088-18-0121,7/20/86
Serenity Cunningham,Serenity,Cunningham,089-19-0120,11/17/88
Willow Bradley,Willow,Bradley,090-20-0119,3/27/91
Everly Lane,Everly,Lane,091-21-0118,8/17/91
Cora Andrews,Cora,Andrews,092-22-0117,2/15/92
Kaylee Ruiz,Kaylee,Ruiz,093-23-0116,7/28/94
Lydia Harper,Lydia,Harper,094-24-0115,7/17/95
Aubree Fox,Aubree,Fox,095-25-0114,11/26/97
Arianna Riley,Arianna,Riley,096-26-0113,6/18/98
Eliana Armstrong,Eliana,Armstrong,097-27-0112,4/14/76
Peyton Carpenter,Peyton,Carpenter,098-28-0111,2/8/77
Melanie Weaver,Melanie,Weaver,099-29-0110,1/12/78
Gianna Greene,Gianna,Greene,100-30-0109,6/30/79
Isabelle Lawrence,Isabelle,Lawrence,101-31-0108,11/25/79
Julia Elliott,Julia,Elliott,102-32-0107,3/6/80
Valentina Chavez,Valentina,Chavez,103-33-0106,10/12/81
Nova Sims,Nova,Sims,104-34-0105,11/10/82
Clara Austin,Clara,Austin,105-35-0104,11/28/82
Vivian Peters,Vivian,Peters,106-36-0103,2/6/89
Reagan Kelley,Reagan,Kelley,107-37-0102,8/17/90
Mackenzie Franklin,Mackenzie,Franklin,108-38-0101,11/25/91
Madeline Lawson,Madeline,Lawson,109-39-0100,2/27/50